left_gene_name	left_gene_ensmbl_id	left_gene_chr	left_hg38_pos	right_gene_name	right_gene_ensmbl_id	right_gene_chr	right_hg38_pos	sample_id	junction_read_count	spanning_frag_count	splice_type
PTK2	ENSG00000169398.15	chr8	140793354	TRAPPC9	ENSG00000167632.10	chr8	139988836	sample_17	28	174	Frame_Shift_Del
UTP6	ENSG00000108651.5	chr17	31880419	RPS6KB2	ENSG00000175634.10	chr11	67434230	sample_17	8	167	Nonsense_Mutation
NCOR2	ENSG00000196498.9	chr12	124567308	UBC	ENSG00000150991.10	chr12	124913774	sample_17	70	41	Nonsense_Mutation
VEGFB	ENSG00000173511.5	chr11	64236327	NUDT22	ENSG00000149761.4	chr11	64227568	sample_11	145	39	Germline
RP11-319G9.5	ENSG00000261537.1	chr16	78996356	WWOX	ENSG00000186153.12	chr16	79211608	sample_4	29	64	n_Frame_Ins
HSPH1	ENSG00000120694.15	chr13	31154633	E2F5	ENSG00000133740.6	chr8	85202147	sample_4	114	200	Nonsense_Mutation
RPTOR	ENSG00000141564.9	chr17	80643810	BAIAP2	ENSG00000175866.11	chr17	81053668	sample_9	10	9	Frame_Shift_Del
MAP2K4	ENSG00000065559.10	chr17	12129287	TMIGD1	ENSG00000182271.8	chr17	30329529	sample_9	122	77	Germline
ERBB2	ENSG00000141736.9	chr17	39715939	MYL6	ENSG00000092841.14	chr12	56161387	sample_9	129	139	Germline
ERBB2	ENSG00000141736.9	chr17	39715359	SRCIN1	ENSG00000017373.11	chr17	38578791	sample_9	27	75	Frame_Shift_Ins
IGKV4-1	ENSG00000211598.2	chr2	88886152	AC096579.7	ENSG00000231486.3	chr2	88861258	sample_17	174	22	In_Frame_Del
IGKV2-30	ENSG00000243238.1	chr2	89244782	AC096579.13	ENSG00000240040.1	chr2	88861562	sample_17	52	97	n_Frame_Ins
IGKV2-30	ENSG00000243238.1	chr2	89244782	IGKJ2	ENSG00000211596.2	chr2	88861562	sample_17	61	88	Nonsense_Mutation
IGKV4-1	ENSG00000211598.2	chr2	88886152	IGKJ3	ENSG00000211595.2	chr2	88861258	sample_17	155	4	Nonsense_Mutation
IGKV4-1	ENSG00000211598.2	chr2	88886151	AC096579.7	ENSG00000231486.3	chr2	0	sample_17	157	67	In_Frame_Del
IGKV4-1	ENSG00000211598.2	chr2	88886152	AC096579.7	ENSG00000231486.3	chr2	88861923	sample_17	18	143	In_Frame_Del
IGKV1-39	ENSG00000242371.1	chr2	89319626	IGKJ1	ENSG00000211597.2	chr2	88861923	sample_17	131	128	n_Frame_Ins
IGKV2-30	ENSG00000243238.1	chr2	89244791	IGKJ5	ENSG00000211593.2	chr2	88860595	sample_17	195	170	Nonsense_Mutation
CPNE2	ENSG00000140848.12	chr16	57137282	RP11-352D13.5	ENSG00000259504.1	chr15	69288408	sample_17	4	183	Frame_Shift_Del
SORBS2	ENSG00000154556.13	chr4	185775227	RP11-45I20.1	ENSG00000235149.1	chr4	185918433	sample_17	26	132	In_Frame_Del
PTK2	ENSG00000169398.15	chr8	140793354	TRAPPC9	ENSG00000167632.10	chr8	139988836	sample_17	195	93	Germline
RP11-53I6.4	ENSG00000263393.1	chr18	32123959	MT-CO1	ENSG00000198804.2	chrM	6634	sample_17	139	155	Frame_Shift_Ins
CHST8	ENSG00000124302.8	chr19	33622296	AC002511.1	ENSG00000205786.4	chr19	35406585	sample_17	170	142	Frame_Shift_Del
CHST8	ENSG00000124302.8	chr19	33622296	AC002511.1	ENSG00000205786.4	chr19	35411162	sample_17	60	42	Frame_Shift_Del
PAWR	ENSG00000177425.6	chr12	79596511	RP1-78O14.1	ENSG00000257894.1	chr12	79393925	sample_17	40	100	Missense_Mutation
ADAMTS17	ENSG00000140470.9	chr15	100330889	CPNE2	ENSG00000140848.12	chr16	57110708	sample_17	173	133	Missense_Mutation
IGKV3-15	ENSG00000244437.1	chr2	89085179	IGKJ4	ENSG00000211594.2	chr2	88860921	sample_17	161	111	Missense_Mutation
MT-ND6	ENSG00000198695.2	chrM	14619	MT-TE	ENSG00000210194.1	chrM	14713	sample_17	171	25	Germline
AUTS2	ENSG00000158321.11	chr7	70698620	RP11-495P10.3	ENSG00000224481.1	chr1	148329526	sample_17	40	168	Germline
STAG1	ENSG00000118007.8	chr3	136752195	MSL2	ENSG00000174579.3	chr3	136152738	sample_17	152	176	Missense_Mutation
UPF2	ENSG00000151461.15	chr10	11948369	CELF2	ENSG00000048740.13	chr10	11275057	sample_17	117	126	Splice_Site
CRTC1	ENSG00000105662.11	chr19	18683828	CNN1	ENSG00000130176.3	chr19	11541076	sample_17	118	133	Nonsense_Mutation
KLF8	ENSG00000102349.10	chrX	56233341	DMD	ENSG00000198947.10	chrX	32310276	sample_17	31	91	Missense_Mutation
TIMM23B	ENSG00000204152.6	chr10	49958480	LINC00843	ENSG00000178440.5	chr10	49973012	sample_17	29	152	Missense_Mutation
TIMM23B	ENSG00000204152.6	chr10	49958480	PARGP1	ENSG00000214982.6	chr10	49973012	sample_17	126	75	Frame_Shift_Ins
MIS18BP1	ENSG00000129534.9	chr14	45237648	ITGA6	ENSG00000091409.10	chr2	172465539	sample_17	137	94	Frame_Shift_Ins
CTNND1	ENSG00000198561.8	chr11	57762046	RP11-622K12.1	ENSG00000204272.6	chrX	56817320	sample_17	5	105	n_Frame_Ins
TRAV9-2	ENSG00000211793.2	chr14	21941655	TRAJ22	ENSG00000211867.1	chr14	22522045	sample_17	66	60	Germline
C15orf57	ENSG00000128891.11	chr15	40562772	CBX3	ENSG00000122565.14	chr7	26201769	sample_17	198	187	Nonsense_Mutation
RP11-123O10.4	ENSG00000256248.1	chr12	67069050	GRIP1	ENSG00000155974.7	chr12	66596927	sample_17	84	176	n_Frame_Ins
AUTS2	ENSG00000158321.11	chr7	70698620	RP11-495P10.3	ENSG00000224481.1	chr1	148344229	sample_17	55	103	Missense_Mutation
LARP4	ENSG00000161813.16	chr12	50474167	DIP2B	ENSG00000066084.8	chr12	50691049	sample_17	185	167	Frame_Shift_Ins
CRTC1	ENSG00000105662.11	chr19	18683828	CNN1	ENSG00000130176.3	chr19	11546675	sample_17	112	134	Nonsense_Mutation
SATB2	ENSG00000119042.12	chr2	199270504	TMED2	ENSG00000086598.6	chr12	123596726	sample_17	85	79	In_Frame_Del
RASGEF1C	ENSG00000146090.11	chr5	180115284	RPL10	ENSG00000147403.12	chrX	154399526	sample_17	36	51	Frame_Shift_Ins
ZC3H7A	ENSG00000122299.7	chr16	11797124	LITAF	ENSG00000189067.8	chr16	11556735	sample_17	144	19	Nonsense_Mutation
ZFP91	ENSG00000186660.14	chr11	58617568	DMD	ENSG00000198947.10	chrX	31121930	sample_17	52	46	n_Frame_Ins
ZFP91-CNTF	ENSG00000255073.4	chr11	58617568	DMD	ENSG00000198947.10	chrX	31121930	sample_17	183	150	In_Frame_Del
PGM3	ENSG00000013375.11	chr6	83170422	IGL@	IGL@g	chr22	22904990	sample_17	163	106	n_Frame_Ins
TRAV24	ENSG00000211805.1	chr14	22105843	TRAJ13	ENSG00000211876.1	chr14	22531079	sample_17	33	87	Frame_Shift_Del
C15orf57	ENSG00000128891.11	chr15	40561981	CBX3	ENSG00000122565.14	chr7	26201745	sample_17	176	81	Missense_Mutation
MT-ND6	ENSG00000198695.2	chrM	14617	MT-TE	ENSG00000210194.1	chrM	14740	sample_17	19	97	Nonsense_Mutation
ZFP91	ENSG00000186660.14	chr11	58616815	DMD	ENSG00000198947.10	chrX	31121930	sample_17	10	137	Frame_Shift_Ins
ZFP91-CNTF	ENSG00000255073.4	chr11	58616815	DMD	ENSG00000198947.10	chrX	31121930	sample_17	121	72	n_Frame_Ins
SBNO2	ENSG00000064932.11	chr19	1149369	TPGS1	ENSG00000141933.8	chr19	518889	sample_17	153	65	Nonsense_Mutation
MRPL33	ENSG00000243147.3	chr2	27782694	GPN1	ENSG00000198522.9	chr2	27629859	sample_17	184	81	Frame_Shift_Ins
MRPL33	ENSG00000243147.3	chr2	27782694	RP11-158I13.2	ENSG00000259080.1	chr2	27629859	sample_17	66	35	Missense_Mutation
MRPL33	ENSG00000243147.3	chr2	27782694	ZNF512	ENSG00000243943.5	chr2	27629859	sample_17	15	164	Frame_Shift_Ins
RP11-634B7.4	ENSG00000235749.2	chr1	247640429	TRIM58	ENSG00000162722.8	chr1	247860617	sample_17	89	132	Splice_Site
TRAV13-1	ENSG00000211788.2	chr14	21869363	TRAJ33	ENSG00000211856.1	chr14	22508603	sample_17	113	108	Frame_Shift_Del
IGHV4-39	ENSG00000211959.2	chr14	106421711	CYR61	ENSG00000142871.11	chr1	85581005	sample_17	2	69	In_Frame_Del
RP4-565E6.1	ENSG00000227733.4	chr1	148195959	HYDIN	ENSG00000157423.13	chr16	71162730	sample_17	69	155	Frame_Shift_Del
SCP2	ENSG00000116171.12	chr1	52927465	PCSK9	ENSG00000169174.9	chr1	55052278	sample_17	85	192	Nonsense_Mutation
TNRC18P1	ENSG00000249661.1	chr4	140642545	AC096579.7	ENSG00000231486.3	chr2	88860598	sample_17	51	136	Germline
CDKAL1	ENSG00000145996.7	chr6	20649377	RP3-348I23.2	ENSG00000233848.1	chr6	20756768	sample_17	86	91	n_Frame_Ins
MT-ND6	ENSG00000198695.2	chrM	14616	MT-TE	ENSG00000210194.1	chrM	14686	sample_17	156	138	Germline
IGLVI-70	ENSG00000253239.1	chr22	22026556	IGLJ1	ENSG00000211674.2	chr22	22893785	sample_17	78	165	Frame_Shift_Del
IGLVI-70	ENSG00000253239.1	chr22	22026556	IGLL5	ENSG00000254709.2	chr22	22893785	sample_17	96	69	Nonsense_Mutation
NRIP1	ENSG00000180530.5	chr21	15064745	AF127936.7	ENSG00000235609.4	chr21	14857708	sample_17	119	128	Frame_Shift_Del
RP11-96H19.1	ENSG00000257261.1	chr12	46387972	RP11-446N19.1	ENSG00000272369.1	chr12	46652390	sample_17	180	119	n_Frame_Ins
GPATCH2L	ENSG00000089916.13	chr14	76196469	MT-CO2	ENSG00000198712.1	chrM	7737	sample_17	141	84	n_Frame_Ins
SCP2	ENSG00000116171.12	chr1	52927465	PCSK9	ENSG00000169174.9	chr1	55043843	sample_17	63	106	n_Frame_Ins
TRAV12-2	ENSG00000211789.2	chr14	21888500	TRAJ39	ENSG00000211850.1	chr14	22501605	sample_17	115	109	Germline
TRAV12-2	ENSG00000211789.2	chr14	21888500	TRAJ52	ENSG00000211838.1	chr14	22486232	sample_17	137	29	Germline
TRAV35	ENSG00000211814.1	chr14	22222475	TRAJ49	ENSG00000211840.1	chr14	22489492	sample_17	16	109	Germline
TRAV8-2	ENSG00000211786.3	chr14	21847213	TRAJ23	ENSG00000211866.1	chr14	22520421	sample_17	57	26	Splice_Site
UTP6	ENSG00000108651.5	chr17	31880419	RPS6KB2	ENSG00000175634.10	chr11	67434230	sample_17	50	64	Splice_Site
ZCCHC11	ENSG00000134744.9	chr1	52409484	ARIH2	ENSG00000177479.15	chr3	48927462	sample_17	50	200	In_Frame_Del
HOXD-AS1	ENSG00000224189.2	chr2	176188419	RP11-722M1.1	ENSG00000248215.1	chr4	36582730	sample_17	154	146	n_Frame_Ins
SUFU	ENSG00000107882.7	chr10	102509303	CNNM2	ENSG00000148842.13	chr10	103049707	sample_17	29	21	Germline
TRAV29DV5	ENSG00000211810.3	chr14	22163870	TRAJ31	ENSG00000211858.1	chr14	22510968	sample_17	33	17	Missense_Mutation
CCT3	ENSG00000163468.10	chr1	156338154	STIP1	ENSG00000168439.12	chr11	64203450	sample_17	9	98	Frame_Shift_Ins
FBRSL1	ENSG00000112787.8	chr12	132560230	NOC4L	ENSG00000184967.2	chr12	132150981	sample_17	69	181	Missense_Mutation
HERC2P2	ENSG00000140181.10	chr15	22579724	USP36	ENSG00000055483.15	chr17	78807636	sample_17	7	10	Missense_Mutation
IGHJ3	ENSG00000242887.1	chr14	105864587	IGL@	IGL@g	chr22	22195970	sample_17	83	33	Missense_Mutation
IGHJ3	ENSG00000242887.1	chr14	105864587	IGLV6-57	ENSG00000211640.3	chr22	22195970	sample_17	119	17	n_Frame_Ins
NCOR2	ENSG00000196498.9	chr12	124567308	UBC	ENSG00000150991.10	chr12	124913774	sample_17	92	99	Frame_Shift_Del
PODXL2	ENSG00000114631.10	chr3	127639523	EEFSEC	ENSG00000132394.6	chr3	128246836	sample_17	123	116	Frame_Shift_Ins
RARS2	ENSG00000146282.13	chr6	87589922	FGGY	ENSG00000172456.12	chr1	59638228	sample_17	103	44	Germline
SAMD5	ENSG00000203727.3	chr6	147509387	SASH1	ENSG00000111961.12	chr6	148390134	sample_17	130	157	Frame_Shift_Del
SBNO2	ENSG00000064932.11	chr19	1149369	B4GALNT4	ENSG00000182272.7	chr11	375461	sample_17	97	101	n_Frame_Ins
SBNO2	ENSG00000064932.11	chr19	1149369	FOXRED1	ENSG00000110074.6	chr11	126276394	sample_17	68	94	Missense_Mutation
TIMM23	ENSG00000138297.9	chr10	45988848	RP11-464F9.1	ENSG00000242288.6	chr10	73713332	sample_17	60	161	In_Frame_Del
TIMM23	ENSG00000138297.9	chr10	45988848	RP11-574K11.28	ENSG00000271816.1	chr10	73713332	sample_17	155	185	Nonsense_Mutation
VPS4A	ENSG00000132612.14	chr16	69311532	DDX19A	ENSG00000168872.11	chr16	70350557	sample_17	32	124	Frame_Shift_Ins
CTNND1	ENSG00000198561.8	chr11	57762068	RP11-622K12.1	ENSG00000204272.6	chrX	56817320	sample_17	81	16	Germline
ACTL6A	ENSG00000136518.12	chr3	179573469	RPLP1	ENSG00000137818.7	chr15	69455170	sample_17	99	7	Germline
ACTN4	ENSG00000130402.7	chr19	38647907	HNRNPL	ENSG00000104824.12	chr19	38847434	sample_17	126	27	Frame_Shift_Ins
B4GALNT4	ENSG00000182272.7	chr11	373828	SBNO2	ENSG00000064932.11	chr19	1147420	sample_17	110	48	Nonsense_Mutation
CSN3	ENSG00000171209.3	chr4	70244873	FDCSP	ENSG00000181617.5	chr4	70231195	sample_17	137	171	Frame_Shift_Del
CXCL10	ENSG00000169245.4	chr4	76023371	RHOA	ENSG00000067560.6	chr3	49375591	sample_17	138	183	Nonsense_Mutation
DOCK1	ENSG00000150760.8	chr10	127012374	RP11-383C5.3	ENSG00000228021.3	chr10	125699124	sample_17	113	108	Germline
EMC2	ENSG00000104412.3	chr8	108443698	NUDCD1	ENSG00000120526.6	chr8	109245481	sample_17	149	96	Missense_Mutation
IGLL5	ENSG00000254709.2	chr22	22888259	ESYT2	ENSG00000117868.11	chr7	158739121	sample_17	171	28	Missense_Mutation
NPC1	ENSG00000141458.8	chr18	23551627	ARHGAP21	ENSG00000107863.12	chr10	24635103	sample_17	175	22	Nonsense_Mutation
NRIP1	ENSG00000180530.5	chr21	15043495	AF127936.7	ENSG00000235609.4	chr21	14825624	sample_17	153	57	Germline
NUDT3	ENSG00000272325.1	chr6	34341862	C6orf106	ENSG00000196821.5	chr6	34606904	sample_17	158	1	Germline
RP11-977G19.10	ENSG00000144785.4	chr12	56285916	ZNF207	ENSG00000010244.12	chr17	32369295	sample_17	168	114	Nonsense_Mutation
TRAV12-3	ENSG00000211794.3	chr14	21966061	TRAJ29	ENSG00000211860.1	chr14	22513939	sample_17	84	48	Frame_Shift_Ins
TRAV24	ENSG00000211805.1	chr14	22105397	TRAC	ENSG00000229164.5	chr14	22547506	sample_17	174	132	Frame_Shift_Del
TRAV3	ENSG00000211777.2	chr14	21724321	TRAJ31	ENSG00000211858.1	chr14	22510968	sample_17	17	52	Missense_Mutation
TRAV38-2DV8	ENSG00000211817.2	chr14	22281199	TRAC	ENSG00000229164.5	chr14	22547506	sample_17	185	130	In_Frame_Del
UAP1	ENSG00000117143.9	chr1	162561777	PBX1	ENSG00000185630.14	chr1	164625929	sample_17	148	81	Frame_Shift_Ins
UBQLN1	ENSG00000135018.9	chr9	83707500	FRMD3	ENSG00000172159.11	chr9	83372955	sample_17	171	177	Frame_Shift_Del
UBQLN1	ENSG00000135018.9	chr9	83669185	FRMD3	ENSG00000172159.11	chr9	83389708	sample_17	93	137	In_Frame_Del
IGKV3-15	ENSG00000244437.1	chr2	89085178	IGKJ5	ENSG00000211593.2	chr2	88860605	sample_11	50	182	In_Frame_Del
IGKV3-15	ENSG00000244437.1	chr2	89085178	AC096579.7	ENSG00000231486.3	chr2	88860605	sample_11	108	18	Splice_Site
MT-ND6	ENSG00000198695.2	chrM	14621	MT-TE	ENSG00000210194.1	chrM	14716	sample_11	1	114	Nonsense_Mutation
IGKV2-28	ENSG00000244116.1	chr2	89221699	IGKJ3	ENSG00000211595.2	chr2	88861258	sample_11	179	100	Nonsense_Mutation
MT-ND6	ENSG00000198695.2	chrM	14617	MT-TE	ENSG00000210194.1	chrM	14740	sample_11	155	35	Frame_Shift_Del
IGKV4-1	ENSG00000211598.2	chr2	88886153	AC096579.13	ENSG00000240040.1	chr2	0	sample_11	83	135	Splice_Site
IGKV4-1	ENSG00000211598.2	chr2	88886153	IGKJ2	ENSG00000211596.2	chr2	0	sample_11	200	108	Nonsense_Mutation
MT-ND4	ENSG00000198886.2	chrM	11038	MT-ND4L	ENSG00000212907.2	chrM	10751	sample_11	39	18	Splice_Site
IGLVI-70	ENSG00000253239.1	chr22	22026552	IGLJ3	ENSG00000211678.2	chr22	22904990	sample_11	109	20	Germline
MT-ND4	ENSG00000198886.2	chrM	11073	MT-ND4L	ENSG00000212907.2	chrM	10715	sample_11	57	78	Frame_Shift_Ins
MT-ND4	ENSG00000198886.2	chrM	10825	MT-ND4L	ENSG00000212907.2	chrM	10744	sample_11	96	106	In_Frame_Del
MT-ND4	ENSG00000198886.2	chrM	11040	MT-ND4L	ENSG00000212907.2	chrM	10757	sample_11	179	29	Nonsense_Mutation
IGKV2-28	ENSG00000244116.1	chr2	89221699	IGKJ1	ENSG00000211597.2	chr2	88861923	sample_11	161	20	Frame_Shift_Ins
HMGCL	ENSG00000117305.10	chr1	23814188	IGH@	IGH@g	chr14	105863247	sample_11	160	27	Frame_Shift_Del
MT-ND6	ENSG00000198695.2	chrM	14483	MT-TE	ENSG00000210194.1	chrM	14695	sample_11	173	110	Frame_Shift_Del
C6orf141	ENSG00000197261.7	chr6	49555157	ZNF529	ENSG00000186020.8	chr19	36582706	sample_11	143	143	In_Frame_Del
IGKV4-1	ENSG00000211598.2	chr2	88886152	IGKJ4	ENSG00000211594.2	chr2	88860920	sample_11	110	35	Germline
MT-ND5	ENSG00000198786.2	chrM	14007	MT-ND1	ENSG00000198888.2	chrM	3602	sample_11	52	71	Frame_Shift_Del
CXCL9	ENSG00000138755.5	chr4	76001618	IGL@	IGL@g	chr22	22901258	sample_11	12	101	Nonsense_Mutation
IGL@	IGL@g	chr22	22370087	SYNE2	ENSG00000054654.11	chr14	64170287	sample_11	96	109	In_Frame_Del
VEGFB	ENSG00000173511.5	chr11	64236327	NUDT22	ENSG00000149761.4	chr11	64227568	sample_11	14	5	Frame_Shift_Ins
NF2	ENSG00000186575.13	chr22	29604112	EMID1	ENSG00000186998.11	chr22	29231020	sample_11	28	14	Germline
OR51S1	ENSG00000176922.2	chr11	4848669	TP53I11	ENSG00000175274.14	chr11	44933050	sample_11	46	164	Frame_Shift_Ins
CXCL9	ENSG00000138755.5	chr4	76001618	IGLC2	ENSG00000211677.2	chr22	22901258	sample_11	126	96	Germline
GAPDH	ENSG00000111640.10	chr12	6538358	MAN1C1	ENSG00000117643.10	chr1	25785916	sample_11	93	177	n_Frame_Ins
ACTB	ENSG00000075624.9	chr7	5527181	CD151	ENSG00000177697.13	chr11	838613	sample_11	116	70	In_Frame_Del
AP1G2	ENSG00000213983.7	chr14	23567707	FAM50A	ENSG00000071859.10	chrX	154444165	sample_11	2	30	Nonsense_Mutation
C15orf57	ENSG00000128891.11	chr15	40561981	CBX3	ENSG00000122565.14	chr7	26201745	sample_11	90	55	n_Frame_Ins
RP11-96H19.1	ENSG00000257261.1	chr12	46387972	RP11-446N19.1	ENSG00000272369.1	chr12	46652390	sample_11	81	64	Splice_Site
TIMM23B	ENSG00000204152.6	chr10	49958480	LINC00843	ENSG00000178440.5	chr10	49973012	sample_11	95	117	Missense_Mutation
TIMM23B	ENSG00000204152.6	chr10	49958480	PARGP1	ENSG00000214982.6	chr10	49973012	sample_11	98	107	Frame_Shift_Del
TIMP2	ENSG00000035862.8	chr17	78853273	TAGLN	ENSG00000149591.12	chr11	117204718	sample_11	104	165	Germline
TRAPPC2	ENSG00000196459.9	chrX	13713102	APOL6	ENSG00000221963.5	chr22	35665268	sample_11	13	21	Nonsense_Mutation
EXT1	ENSG00000182197.6	chr8	118110085	ATP4B	ENSG00000186009.4	chr13	113654942	sample_11	168	116	Missense_Mutation
CCDC14	ENSG00000175455.10	chr3	123956740	LRRK2	ENSG00000188906.9	chr12	40367644	sample_11	148	71	Splice_Site
FN1	ENSG00000115414.14	chr2	215367863	HNRNPA2B1	ENSG00000122566.16	chr7	26192338	sample_11	101	140	In_Frame_Del
GAPDH	ENSG00000111640.10	chr12	6537996	RPL28	ENSG00000108107.8	chr19	55386350	sample_11	159	159	n_Frame_Ins
NF2	ENSG00000186575.13	chr22	29604112	EMID1	ENSG00000186998.11	chr22	29225133	sample_11	83	148	n_Frame_Ins
SDHB	ENSG00000117118.5	chr1	17044761	RP11-288G11.3	ENSG00000234531.2	chr10	132783449	sample_11	169	89	Splice_Site
CCT3	ENSG00000163468.10	chr1	156333547	GNAS	ENSG00000087460.19	chr20	58895612	sample_11	121	172	n_Frame_Ins
EXT1	ENSG00000182197.6	chr8	118110085	ATP4B	ENSG00000186009.4	chr13	113653434	sample_11	29	79	Splice_Site
CPM	ENSG00000135678.7	chr12	68932678	A2M	ENSG00000175899.10	chr12	9067839	sample_11	18	123	Germline
CSTB	ENSG00000160213.5	chr21	43776204	SNORA67	ENSG00000264772.2	chr17	7577056	sample_11	67	161	Splice_Site
FBXO32	ENSG00000156804.3	chr8	123531898	RP11-174I12.2	ENSG00000254113.1	chr8	123563412	sample_11	101	128	In_Frame_Del
MATR3	ENSG00000015479.13	chr5	139293805	SUB1	ENSG00000113387.7	chr5	32598961	sample_11	138	171	Frame_Shift_Del
MSN	ENSG00000147065.12	chrX	65667853	RP11-622K12.1	ENSG00000204272.6	chrX	56817320	sample_11	192	148	Missense_Mutation
RNF213	ENSG00000173821.15	chr17	80273404	P4HB	ENSG00000185624.10	chr17	81844092	sample_11	59	172	Missense_Mutation
TKT	ENSG00000163931.11	chr3	53233156	ACIN1	ENSG00000100813.10	chr14	23063074	sample_11	123	76	Frame_Shift_Ins
GFM1	ENSG00000168827.10	chr3	158684668	HIST1H2BK	ENSG00000197903.6	chr6	27138681	sample_4	101	123	Germline
UBXN4	ENSG00000144224.12	chr2	135755691	R3HDM1	ENSG00000048991.12	chr2	135721924	sample_4	55	179	n_Frame_Ins
IGKV4-1	ENSG00000211598.2	chr2	88886152	AC096579.7	ENSG00000231486.3	chr2	88861562	sample_4	128	56	Nonsense_Mutation
IGKV4-1	ENSG00000211598.2	chr2	88886152	AC096579.7	ENSG00000231486.3	chr2	88861923	sample_4	141	111	Germline
MT-ND6	ENSG00000198695.2	chrM	14621	MT-TE	ENSG00000210194.1	chrM	14716	sample_4	71	131	Missense_Mutation
IGKV4-1	ENSG00000211598.2	chr2	88886152	AC096579.7	ENSG00000231486.3	chr2	88860923	sample_4	93	183	Frame_Shift_Del
IGKV4-1	ENSG00000211598.2	chr2	88886152	AC096579.7	ENSG00000231486.3	chr2	88860605	sample_4	167	151	Germline
IGKV4-1	ENSG00000211598.2	chr2	88886152	AC096579.7	ENSG00000231486.3	chr2	88861258	sample_4	161	190	Germline
PMM2	ENSG00000140650.7	chr16	8813106	MLIP	ENSG00000146147.10	chr6	54149056	sample_4	43	162	Frame_Shift_Del
MT-ND4	ENSG00000198886.2	chrM	10825	MT-ND4L	ENSG00000212907.2	chrM	10744	sample_4	161	147	Nonsense_Mutation
MT-ND4	ENSG00000198886.2	chrM	10804	MT-ND4L	ENSG00000212907.2	chrM	10742	sample_4	174	143	Missense_Mutation
IGKV4-1	ENSG00000211598.2	chr2	88886152	AC096579.13	ENSG00000240040.1	chr2	88861562	sample_4	100	25	Missense_Mutation
IGKV4-1	ENSG00000211598.2	chr2	88886152	IGKJ2	ENSG00000211596.2	chr2	88861562	sample_4	97	13	Nonsense_Mutation
MT-ND4	ENSG00000198886.2	chrM	10838	MT-ND4L	ENSG00000212907.2	chrM	10621	sample_4	1	128	Frame_Shift_Ins
MT-ND4	ENSG00000198886.2	chrM	11040	MT-ND4L	ENSG00000212907.2	chrM	10757	sample_4	57	117	Splice_Site
MT-ND4	ENSG00000198886.2	chrM	11039	MT-ND4L	ENSG00000212907.2	chrM	10751	sample_4	20	93	Germline
MT-CO3	ENSG00000198938.2	chrM	9358	MT-ATP6	ENSG00000198899.2	chrM	9204	sample_4	190	157	Frame_Shift_Ins
MT-CO3	ENSG00000198938.2	chrM	9394	MT-ATP6	ENSG00000198899.2	chrM	9197	sample_4	25	102	In_Frame_Del
MT-CO3	ENSG00000198938.2	chrM	9352	MT-ATP6	ENSG00000198899.2	chrM	9195	sample_4	194	44	Nonsense_Mutation
RP11-53I6.4	ENSG00000263393.1	chr18	32123959	MT-CO1	ENSG00000198804.2	chrM	6634	sample_4	79	34	In_Frame_Del
MT-ND6	ENSG00000198695.2	chrM	14617	MT-TE	ENSG00000210194.1	chrM	14740	sample_4	122	101	Missense_Mutation
TIMM23B	ENSG00000204152.6	chr10	49958480	LINC00843	ENSG00000178440.5	chr10	49973012	sample_4	154	107	Frame_Shift_Del
TIMM23B	ENSG00000204152.6	chr10	49958480	PARGP1	ENSG00000214982.6	chr10	49973012	sample_4	155	136	Frame_Shift_Ins
GSDMB	ENSG00000073605.14	chr17	39904873	SLC13A3	ENSG00000158296.9	chr20	46583669	sample_4	172	153	Missense_Mutation
KANSL1	ENSG00000120071.8	chr17	46170855	LIFR-AS1	ENSG00000244968.2	chr5	38644350	sample_4	133	4	Nonsense_Mutation
MT-ND6	ENSG00000198695.2	chrM	14483	MT-TE	ENSG00000210194.1	chrM	14695	sample_4	115	193	Frame_Shift_Del
MT-ND6	ENSG00000198695.2	chrM	14616	MT-TE	ENSG00000210194.1	chrM	14686	sample_4	33	118	In_Frame_Del
MT-ND6	ENSG00000198695.2	chrM	14625	MT-TE	ENSG00000210194.1	chrM	14696	sample_4	31	43	Frame_Shift_Ins
PSTPIP2	ENSG00000152229.14	chr18	46072156	ATP5A1	ENSG00000152234.11	chr18	46088257	sample_4	17	188	Frame_Shift_Ins
GSDMB	ENSG00000073605.14	chr17	39905426	SLC13A3	ENSG00000158296.9	chr20	46583669	sample_4	36	87	n_Frame_Ins
TIMM23	ENSG00000138297.9	chr10	45988848	RP11-464F9.1	ENSG00000242288.6	chr10	73713332	sample_4	159	55	Frame_Shift_Del
TIMM23	ENSG00000138297.9	chr10	45988848	RP11-574K11.28	ENSG00000271816.1	chr10	73713332	sample_4	154	50	In_Frame_Del
TIMM23	ENSG00000138297.9	chr10	45988848	RP11-574K11.29	ENSG00000272140.2	chr10	73713332	sample_4	179	174	n_Frame_Ins
CRYL1	ENSG00000165475.9	chr13	20525754	ANKRD11	ENSG00000167522.10	chr16	89317075	sample_4	168	174	Splice_Site
PMM2	ENSG00000140650.7	chr16	8813106	MLIP	ENSG00000146147.10	chr6	54160367	sample_4	77	5	Frame_Shift_Del
RP11-96H19.1	ENSG00000257261.1	chr12	46387972	RP11-446N19.1	ENSG00000272369.1	chr12	46652390	sample_4	88	40	Germline
MCM6	ENSG00000076003.4	chr2	135840215	MT-CO1	ENSG00000198804.2	chrM	6636	sample_4	125	114	Frame_Shift_Del
GSDMB	ENSG00000073605.14	chr17	39904892	SLC13A3	ENSG00000158296.9	chr20	46583668	sample_4	174	23	Germline
KANSL1	ENSG00000120071.8	chr17	46170855	LIFR-AS1	ENSG00000244968.2	chr5	38640929	sample_4	49	126	n_Frame_Ins
C15orf57	ENSG00000128891.11	chr15	40561981	CBX3	ENSG00000122565.14	chr7	26201745	sample_4	163	130	Splice_Site
RP4-769N13.6	ENSG00000271147.3	chrX	102605653	NUP62CL	ENSG00000198088.6	chrX	107175193	sample_4	75	45	Frame_Shift_Del
MT-TA	ENSG00000210127.1	chrM	5630	MT-TC	ENSG00000210140.1	chrM	5815	sample_4	152	99	n_Frame_Ins
OR51S1	ENSG00000176922.2	chr11	4848669	TP53I11	ENSG00000175274.14	chr11	44933050	sample_4	116	6	n_Frame_Ins
RP11-123O10.4	ENSG00000256248.1	chr12	67069050	GRIP1	ENSG00000155974.7	chr12	66596927	sample_4	76	24	Germline
COL25A1	ENSG00000188517.10	chr4	108812728	RHEBP2	ENSG00000226964.1	chr10	47706255	sample_4	145	14	Missense_Mutation
IGH@	IGH@g	chr14	105863203	IGL@	IGL@g	chr22	22895373	sample_4	160	133	Frame_Shift_Del
NRIP1	ENSG00000180530.5	chr21	15064745	AF127936.7	ENSG00000235609.4	chr21	14857708	sample_4	11	164	Frame_Shift_Del
IGH@	IGH@g	chr14	105863203	IGLL5	ENSG00000254709.2	chr22	22895373	sample_4	75	58	Splice_Site
IGHJ6	ENSG00000211900.2	chr14	105863203	IGL@	IGL@g	chr22	22895373	sample_4	173	12	Frame_Shift_Del
IGHJ6	ENSG00000211900.2	chr14	105863203	IGLL5	ENSG00000254709.2	chr22	22895373	sample_4	76	116	Missense_Mutation
SLC13A3	ENSG00000158296.9	chr20	46582028	ORMDL3	ENSG00000172057.5	chr17	39924225	sample_4	18	151	Splice_Site
IGKV2-30	ENSG00000243238.1	chr2	89244783	IGKJ4	ENSG00000211594.2	chr2	88860921	sample_4	156	120	Germline
RP4-769N13.6	ENSG00000271147.3	chrX	102639533	NUP62CL	ENSG00000198088.6	chrX	107175193	sample_4	93	71	n_Frame_Ins
NHP2L1	ENSG00000100138.9	chr22	41675066	ESRP1	ENSG00000104413.11	chr8	94707235	sample_4	6	7	In_Frame_Del
CLIC4	ENSG00000169504.10	chr1	24745625	PIK3R3	ENSG00000117461.10	chr1	46055971	sample_4	31	199	Splice_Site
CTD-2152M20.2	ENSG00000250764.1	chr5	32106124	GOLPH3	ENSG00000113384.9	chr5	32143880	sample_4	169	109	Missense_Mutation
DECR1	ENSG00000104325.2	chr8	90001561	ATP9B	ENSG00000166377.15	chr18	79193183	sample_4	71	104	Frame_Shift_Ins
RCC1	ENSG00000180198.11	chr1	28508160	COL6A1	ENSG00000142156.10	chr21	45994167	sample_4	81	152	n_Frame_Ins
RCC1	ENSG00000180198.11	chr1	28508160	FBXO36	ENSG00000153832.7	chr2	229976241	sample_4	100	53	n_Frame_Ins
RP11-155G15.2	ENSG00000251513.1	chr5	97431900	RP11-1E3.1	ENSG00000250331.1	chr5	97668551	sample_4	11	142	Splice_Site
RP11-319G9.5	ENSG00000261537.1	chr16	78996356	WWOX	ENSG00000186153.12	chr16	79211608	sample_4	82	50	In_Frame_Del
RP11-444D3.1	ENSG00000255864.1	chr12	24213343	SOX5	ENSG00000134532.11	chr12	23896024	sample_4	1	35	In_Frame_Del
SCAF4	ENSG00000156304.10	chr21	31685049	CHMP1A	ENSG00000131165.10	chr16	89647331	sample_4	188	64	Splice_Site
SLC12A9	ENSG00000146828.13	chr7	100827047	CDK2AP1	ENSG00000111328.2	chr12	123267282	sample_4	77	73	Frame_Shift_Ins
SNHG3	ENSG00000242125.2	chr1	28508160	FBXO36	ENSG00000153832.7	chr2	229976241	sample_4	192	103	n_Frame_Ins
TULP4	ENSG00000130338.8	chr6	158314268	RP11-732M18.3	ENSG00000236537.1	chr6	158312051	sample_4	112	135	In_Frame_Del
RP11-123O10.4	ENSG00000256248.1	chr12	67069050	GRIP1	ENSG00000155974.7	chr12	66541950	sample_4	157	94	Missense_Mutation
SLC13A3	ENSG00000158296.9	chr20	46583572	ORMDL3	ENSG00000172057.5	chr17	39924220	sample_4	6	92	Germline
SLC13A3	ENSG00000158296.9	chr20	46583572	ORMDL3	ENSG00000172057.5	chr17	39924225	sample_4	141	106	In_Frame_Del
DNAJC25	ENSG00000059769.15	chr9	111666946	UGCG	ENSG00000148154.5	chr9	111914605	sample_4	68	145	In_Frame_Del
DNAJC25-GNG10	ENSG00000244115.1	chr9	111666946	UGCG	ENSG00000148154.5	chr9	111914605	sample_4	104	181	Nonsense_Mutation
GNG10	ENSG00000242616.3	chr9	111666946	UGCG	ENSG00000148154.5	chr9	111914605	sample_4	130	196	n_Frame_Ins
RP11-466L17.1	ENSG00000234810.1	chr1	55615002	RP11-90C4.1	ENSG00000233147.1	chr1	55832264	sample_4	52	194	n_Frame_Ins
C17orf62	ENSG00000178927.12	chr17	82450700	SCO2	ENSG00000130489.8	chr22	50524424	sample_4	85	46	Nonsense_Mutation
C1orf198	ENSG00000119280.12	chr1	230843354	TAF15	ENSG00000172660.7	chr17	35834566	sample_4	116	141	Frame_Shift_Del
CALM2	ENSG00000143933.12	chr2	47176441	TPM4	ENSG00000167460.10	chr19	16081913	sample_4	25	172	Germline
COG3	ENSG00000136152.10	chr13	45465210	RNF146	ENSG00000118518.11	chr6	127280231	sample_4	120	45	Splice_Site
COLGALT1	ENSG00000130309.6	chr19	17567540	ATP13A1	ENSG00000105726.12	chr19	19659987	sample_4	94	48	Missense_Mutation
CRIM1	ENSG00000150938.5	chr2	36396787	FEZ2	ENSG00000171055.10	chr2	36578865	sample_4	75	67	Splice_Site
ESRP1	ENSG00000104413.11	chr8	94662555	RPL30	ENSG00000156482.6	chr8	98042775	sample_4	129	54	Splice_Site
GCNT2	ENSG00000111846.11	chr6	10529836	DSP	ENSG00000096696.9	chr6	7582642	sample_4	181	31	In_Frame_Del
GLS	ENSG00000115419.8	chr2	190895725	TMCO1	ENSG00000143183.12	chr1	165743311	sample_4	148	127	Germline
HLCS	ENSG00000159267.10	chr21	36896860	DOCK1	ENSG00000150760.8	chr10	127339006	sample_4	177	38	Germline
HSPH1	ENSG00000120694.15	chr13	31154633	E2F5	ENSG00000133740.6	chr8	85202147	sample_4	139	90	In_Frame_Del
KAT6A	ENSG00000083168.5	chr8	41947751	SAT1	ENSG00000130066.12	chrX	23785328	sample_4	187	32	Missense_Mutation
MFGE8	ENSG00000140545.10	chr15	88905757	NTMT1	ENSG00000148335.10	chr9	129634054	sample_4	134	66	Nonsense_Mutation
NPHP3	ENSG00000113971.14	chr3	132715085	C12orf55	ENSG00000188596.5	chr12	96875118	sample_4	34	137	Nonsense_Mutation
OSBPL5	ENSG00000021762.15	chr11	3093527	OXCT1	ENSG00000083720.8	chr5	41739491	sample_4	8	62	Missense_Mutation
PABPC1	ENSG00000070756.9	chr8	100704297	CPQ	ENSG00000104324.11	chr8	96834973	sample_4	123	155	In_Frame_Del
PALLD	ENSG00000129116.13	chr4	168711923	ETS2	ENSG00000157557.7	chr21	38817008	sample_4	68	63	n_Frame_Ins
POSTN	ENSG00000133110.10	chr13	37578844	ILF2	ENSG00000143621.12	chr1	153663276	sample_4	116	173	Splice_Site
PTPRK	ENSG00000152894.10	chr6	128520259	EIF3E	ENSG00000104408.5	chr8	108203503	sample_4	99	128	In_Frame_Del
PTPRK	ENSG00000152894.10	chr6	128397566	PERP	ENSG00000112378.11	chr6	138096494	sample_4	59	18	n_Frame_Ins
PXMP2	ENSG00000176894.5	chr12	132690376	ANKLE2	ENSG00000176915.10	chr12	132755133	sample_4	53	65	n_Frame_Ins
RARRES1	ENSG00000118849.5	chr3	158710738	NPM1	ENSG00000181163.9	chr5	171400153	sample_4	187	29	Nonsense_Mutation
RBM25	ENSG00000119707.9	chr14	73097100	HSP90AA1	ENSG00000080824.14	chr14	102082444	sample_4	110	25	Nonsense_Mutation
RP1-34H18.1	ENSG00000231121.2	chr12	77572266	RP11-781A6.1	ENSG00000258066.1	chr12	77783263	sample_4	18	150	Splice_Site
RP11-114H23.1	ENSG00000258077.2	chr12	75983721	RP11-114H23.2	ENSG00000258088.1	chr12	75694770	sample_4	35	149	Germline
RP13-672B3.2	ENSG00000256632.3	chr12	132690376	ANKLE2	ENSG00000176915.10	chr12	132755133	sample_4	109	72	Frame_Shift_Ins
RPL5	ENSG00000122406.8	chr1	92832117	BPGM	ENSG00000172331.7	chr7	134678853	sample_4	89	74	Frame_Shift_Del
RSU1	ENSG00000148484.13	chr10	16752539	CUBN	ENSG00000107611.10	chr10	16954548	sample_4	196	181	In_Frame_Del
RSU1	ENSG00000148484.13	chr10	16752539	CUBN	ENSG00000107611.10	chr10	16952389	sample_4	14	46	Nonsense_Mutation
SAMD5	ENSG00000203727.3	chr6	147509387	SASH1	ENSG00000111961.12	chr6	148390134	sample_4	166	106	Nonsense_Mutation
SNHG3	ENSG00000242125.2	chr1	28508160	COL6A1	ENSG00000142156.10	chr21	45994167	sample_4	57	138	Splice_Site
TMEM241	ENSG00000134490.9	chr18	23309680	CABLES1	ENSG00000134508.8	chr18	23234608	sample_4	57	176	Frame_Shift_Del
TMEM241	ENSG00000134490.9	chr18	23331030	CABLES1	ENSG00000134508.8	chr18	23252960	sample_4	199	159	Germline
TMEM50B	ENSG00000142188.12	chr21	33468787	HNRNPK	ENSG00000165119.14	chr9	83970912	sample_4	45	12	Nonsense_Mutation
TNRC6B	ENSG00000100354.16	chr22	40156182	PSMB1	ENSG00000008018.8	chr6	170549113	sample_4	63	168	Splice_Site
IGKV4-1	ENSG00000211598.2	chr2	88886152	AC096579.7	ENSG00000231486.3	chr2	88861923	sample_9	185	166	Frame_Shift_Del
IGKV4-1	ENSG00000211598.2	chr2	88886152	AC096579.7	ENSG00000231486.3	chr2	88861562	sample_9	74	16	Germline
IGKV4-1	ENSG00000211598.2	chr2	88886152	AC096579.7	ENSG00000231486.3	chr2	88860923	sample_9	24	90	Frame_Shift_Ins
IGKV2-40	ENSG00000211619.2	chr2	89330117	IGKJ1	ENSG00000211597.2	chr2	88861923	sample_9	28	129	In_Frame_Del
IGKV4-1	ENSG00000211598.2	chr2	88886152	AC096579.13	ENSG00000240040.1	chr2	88861562	sample_9	24	151	Frame_Shift_Ins
IGKV4-1	ENSG00000211598.2	chr2	88886152	IGKJ2	ENSG00000211596.2	chr2	88861562	sample_9	150	45	Missense_Mutation
IGKV4-1	ENSG00000211598.2	chr2	88886152	AC096579.7	ENSG00000231486.3	chr2	88861258	sample_9	198	94	Missense_Mutation
FBXL20	ENSG00000108306.7	chr17	39343180	PLXDC1	ENSG00000161381.9	chr17	39109391	sample_9	191	66	Germline
MCU	ENSG00000156026.10	chr10	72715902	RP11-266N13.2	ENSG00000247345.2	chr5	59060145	sample_9	35	106	Frame_Shift_Del
SLC38A9	ENSG00000177058.7	chr5	55633754	HBS1L	ENSG00000112339.10	chr6	134997656	sample_9	1	13	Missense_Mutation
EPC1	ENSG00000120616.11	chr10	32346763	MAP3K8	ENSG00000107968.5	chr10	30450258	sample_9	41	168	In_Frame_Del
EZH2	ENSG00000106462.6	chr7	148884164	MAD1L1	ENSG00000002822.11	chr7	1816228	sample_9	122	61	In_Frame_Del
IGKV2-28	ENSG00000244116.1	chr2	89221699	IGKJ5	ENSG00000211593.2	chr2	88860605	sample_9	137	133	Frame_Shift_Del
MT-ND6	ENSG00000198695.2	chrM	14621	MT-TE	ENSG00000210194.1	chrM	14716	sample_9	162	59	Germline
TRIM33	ENSG00000197323.6	chr1	114463104	GCM1	ENSG00000137270.10	chr6	53145768	sample_9	123	97	In_Frame_Del
MT-ND6	ENSG00000198695.2	chrM	14615	MT-TE	ENSG00000210194.1	chrM	14710	sample_9	14	82	Frame_Shift_Del
MT-ND5	ENSG00000198786.2	chrM	12955	MT-RNR2	ENSG00000210082.2	chrM	1674	sample_9	133	102	In_Frame_Del
KMT2E	ENSG00000005483.15	chr7	105081797	AC004538.3	ENSG00000230333.2	chr7	11379287	sample_9	62	189	In_Frame_Del
RP11-325F22.5	ENSG00000225329.1	chr7	104926453	MAD1L1	ENSG00000002822.11	chr7	1816228	sample_9	156	9	In_Frame_Del
FBXL20	ENSG00000108306.7	chr17	39343180	PLXDC1	ENSG00000161381.9	chr17	39087702	sample_9	130	184	Nonsense_Mutation
RPTOR	ENSG00000141564.9	chr17	80643810	BAIAP2	ENSG00000175866.11	chr17	81053668	sample_9	61	82	Frame_Shift_Ins
COL1A1	ENSG00000108821.9	chr17	50185485	MT-RNR2	ENSG00000210082.2	chrM	1676	sample_9	82	141	n_Frame_Ins
FBXO9	ENSG00000112146.12	chr6	53082618	COL21A1	ENSG00000124749.12	chr6	56101525	sample_9	131	35	Splice_Site
MCU	ENSG00000156026.10	chr10	72692301	RP11-266N13.2	ENSG00000247345.2	chr5	59060145	sample_9	174	6	Frame_Shift_Del
MT-ND1	ENSG00000198888.2	chrM	3573	MT-RNR2	ENSG00000210082.2	chrM	2254	sample_9	57	72	In_Frame_Del
MT-RNR2	ENSG00000210082.2	chrM	1734	MT-TV	ENSG00000210077.1	chrM	1629	sample_9	6	126	Nonsense_Mutation
CELF1	ENSG00000149187.13	chr11	47552992	SLCO1B1	ENSG00000134538.2	chr12	21176776	sample_9	85	166	Frame_Shift_Ins
TIMM23B	ENSG00000204152.6	chr10	49958480	LINC00843	ENSG00000178440.5	chr10	49973012	sample_9	84	60	Frame_Shift_Del
TIMM23B	ENSG00000204152.6	chr10	49958480	PARGP1	ENSG00000214982.6	chr10	49973012	sample_9	46	23	Splice_Site
ZNF37A	ENSG00000075407.13	chr10	38095224	SAMD14	ENSG00000167100.10	chr17	50111759	sample_9	15	66	n_Frame_Ins
CELF1	ENSG00000149187.13	chr11	47552992	RP11-125O5.2	ENSG00000257062.2	chr12	21176776	sample_9	138	23	In_Frame_Del
MCU	ENSG00000156026.10	chr10	72692301	RP11-266N13.2	ENSG00000247345.2	chr5	59063085	sample_9	194	48	Frame_Shift_Ins
MT-ND1	ENSG00000198888.2	chrM	3353	MT-TL1	ENSG00000209082.1	chrM	3257	sample_9	114	117	Germline
MT-ND6	ENSG00000198695.2	chrM	14612	MT-TE	ENSG00000210194.1	chrM	14735	sample_9	91	196	Frame_Shift_Del
STAM	ENSG00000136738.10	chr10	17708951	TYW1	ENSG00000198874.8	chr7	67117483	sample_9	51	180	Nonsense_Mutation
C10orf68	ENSG00000150076.18	chr10	32571893	ST8SIA6	ENSG00000148488.11	chr10	17390620	sample_9	10	35	n_Frame_Ins
CCDC7	ENSG00000216937.7	chr10	32571893	ST8SIA6	ENSG00000148488.11	chr10	17390620	sample_9	136	127	n_Frame_Ins
IGLVI-70	ENSG00000253239.1	chr22	22026551	IGLJ2	ENSG00000211676.2	chr22	22899619	sample_9	174	87	n_Frame_Ins
TIMM23	ENSG00000138297.9	chr10	45988848	RP11-464F9.1	ENSG00000242288.6	chr10	73713332	sample_9	117	115	In_Frame_Del
TIMM23	ENSG00000138297.9	chr10	45988848	RP11-574K11.28	ENSG00000271816.1	chr10	73713332	sample_9	65	131	Missense_Mutation
TIMM23	ENSG00000138297.9	chr10	45988848	RP11-574K11.29	ENSG00000272140.2	chr10	73713332	sample_9	98	27	Frame_Shift_Del
C15orf57	ENSG00000128891.11	chr15	40561981	CBX3	ENSG00000122565.14	chr7	26201745	sample_9	69	40	Splice_Site
MT-TT	ENSG00000210195.2	chrM	15929	MT-TP	ENSG00000210196.2	chrM	15973	sample_9	88	158	n_Frame_Ins
RP4-565E6.1	ENSG00000227733.4	chr1	148195959	HYDIN	ENSG00000157423.13	chr16	71162730	sample_9	152	198	n_Frame_Ins
FRMD6	ENSG00000139926.11	chr14	51651996	GDPD5	ENSG00000158555.10	chr11	75490320	sample_9	108	5	Frame_Shift_Del
FRMD6	ENSG00000139926.11	chr14	51652217	GDPD5	ENSG00000158555.10	chr11	75490320	sample_9	143	73	n_Frame_Ins
OR51S1	ENSG00000176922.2	chr11	4848669	TP53I11	ENSG00000175274.14	chr11	44933050	sample_9	53	183	n_Frame_Ins
SEMA3C	ENSG00000075223.9	chr7	80916679	PIWIL2	ENSG00000197181.7	chr8	22279341	sample_9	46	157	n_Frame_Ins
CELF1	ENSG00000149187.13	chr11	47552992	SLCO1B1	ENSG00000134538.2	chr12	21172650	sample_9	17	179	n_Frame_Ins
EPC1	ENSG00000120616.11	chr10	32346763	C10orf68	ENSG00000150076.18	chr10	32685970	sample_9	92	68	In_Frame_Del
MTUS1	ENSG00000129422.9	chr8	17753717	PPP2CB	ENSG00000104695.8	chr8	30799755	sample_9	133	55	n_Frame_Ins
ARL5B	ENSG00000165997.4	chr10	18668677	CSMD1	ENSG00000183117.13	chr8	3348161	sample_9	2	200	Nonsense_Mutation
ICK	ENSG00000112144.11	chr6	53018330	GCM1	ENSG00000137270.10	chr6	53128946	sample_9	200	37	Frame_Shift_Del
LINC00704	ENSG00000231298.2	chr10	4678049	GRID1	ENSG00000182771.13	chr10	85729614	sample_9	25	171	Splice_Site
MAP2K4	ENSG00000065559.10	chr17	12129287	TMIGD1	ENSG00000182271.8	chr17	30329529	sample_9	141	9	Germline
RP11-35G9.3	ENSG00000267040.2	chr18	57642052	TAF9	ENSG00000085231.9	chr5	69366595	sample_9	107	178	Frame_Shift_Del
RP11-35G9.5	ENSG00000267787.1	chr18	57642052	TAF9	ENSG00000085231.9	chr5	69366595	sample_9	10	143	Missense_Mutation
RP3-510D11.1	ENSG00000228526.2	chr1	9182007	RPS6KC1	ENSG00000136643.7	chr1	213242569	sample_9	145	163	Missense_Mutation
ERBB2	ENSG00000141736.9	chr17	39715939	MYL6	ENSG00000092841.14	chr12	56161387	sample_9	173	119	Missense_Mutation
RP11-96H19.1	ENSG00000257261.1	chr12	46387972	RP11-446N19.1	ENSG00000272369.1	chr12	46652390	sample_9	88	157	n_Frame_Ins
C10orf68	ENSG00000150076.18	chr10	32567891	ST8SIA6	ENSG00000148488.11	chr10	17390620	sample_9	166	144	Frame_Shift_Del
CCDC7	ENSG00000216937.7	chr10	32567891	ST8SIA6	ENSG00000148488.11	chr10	17390620	sample_9	24	96	In_Frame_Del
ERBB2	ENSG00000141736.9	chr17	39715359	SRCIN1	ENSG00000017373.11	chr17	38578791	sample_9	17	179	n_Frame_Ins
PITPNC1	ENSG00000154217.10	chr17	67378202	AMZ2	ENSG00000196704.7	chr17	68248640	sample_9	129	13	Missense_Mutation
POSTN	ENSG00000133110.10	chr13	37564519	CALM1	ENSG00000198668.6	chr14	90404379	sample_9	86	153	Splice_Site
SHISA9	ENSG00000237515.6	chr16	13203549	U91319.1	ENSG00000262801.1	chr16	13474210	sample_9	68	189	Nonsense_Mutation
