chromosome,start_pos,end_pos,gene,log2,cn,depth,probes,weight,pt_sbst_no
chr1,905629,33329947,HES4,-0.132341,2,106.929,5714,1809.2,RN50151396
chr1,905629,33329947,HES5,-0.132341,2,106.929,5714,1809.2,RN50151396
chr1,905629,33329947,MTOR,-0.132341,2,106.929,5714,1809.2,RN50151396
chr1,905629,33329947,HES2,-0.132341,2,106.929,5714,1809.2,RN50151396
chr1,905629,33329947,HDAC1,-0.132341,2,106.929,5714,1809.2,RN50151396
chr1,905629,33329947,RPS6KA1,-0.132341,2,106.929,5714,1809.2,RN50151396
chr1,905629,33329947,ARID1A,-0.132341,2,106.929,5714,1809.2,RN50151396
chr1,905629,33329947,CASP9,-0.132341,2,106.929,5714,1809.2,RN50151396
chr1,905629,33329947,E2F2,-0.132341,2,106.929,5714,1809.2,RN50151396
chr1,905629,33329947,MMP23B,-0.132341,2,106.929,5714,1809.2,RN50151396
chr1,905629,33329947,MTHFR,-0.132341,2,106.929,5714,1809.2,RN50151396
chr1,905629,33329947,SPEN,-0.132341,2,106.929,5714,1809.2,RN50151396
chr1,33330252,41285189,HEYL,0.281287,2,110.613,1366,438.364,RN50151396
chr1,41285449,103345463,TGFBR3,-0.00871964,2,83.9345,5492,1861.79,RN50151396
chr1,41285449,103345463,RAD54L,-0.00871964,2,83.9345,5492,1861.79,RN50151396
chr1,41285449,103345463,ZFYVE9,-0.00871964,2,83.9345,5492,1861.79,RN50151396
chr1,41285449,103345463,JAK1,-0.00871964,2,83.9345,5492,1861.79,RN50151396
chr1,41285449,103345463,DIRAS3,-0.00871964,2,83.9345,5492,1861.79,RN50151396
chr1,103487198,121310662,NRAS,0.0125345,2,96.9288,1842,604.495,RN50151396
chr1,103487198,121310662,GSTM1,0.0125345,2,96.9288,1842,604.495,RN50151396
chr1,103487198,121310662,CSF1,0.0125345,2,96.9288,1842,604.495,RN50151396
chr1,103487198,121310662,NOTCH2,0.0125345,2,96.9288,1842,604.495,RN50151396
chr1,145287147,149871875,CD160,0.159774,2,114.965,328,102.144,RN50151396
chr1,149871875,152086537,APH1A,-0.263341,2,109.139,790,245.13,RN50151396
chr1,152286713,228404456,PARP1,0.0167665,2,96.9713,9134,3000.17,RN50151396
chr1,152286713,228404456,TGFB2,0.0167665,2,96.9713,9134,3000.17,RN50151396
chr1,152286713,228404456,RAB25,0.0167665,2,96.9713,9134,3000.17,RN50151396
chr1,152286713,228404456,NCSTN,0.0167665,2,96.9713,9134,3000.17,RN50151396
chr1,152286713,228404456,PSEN2,0.0167665,2,96.9713,9134,3000.17,RN50151396
chr1,152286713,228404456,MDM4,0.0167665,2,96.9713,9134,3000.17,RN50151396
chr1,152286713,228404456,CD244,0.0167665,2,96.9713,9134,3000.17,RN50151396
chr2,41458,89185192,SPTBN1,-0.0404907,2,84.3595,7469,2557.78,RN50151396
chr2,41458,89185192,BMP10,-0.0404907,2,84.3595,7469,2557.78,RN50151396
chr2,41458,89185192,FANCL,-0.0404907,2,84.3595,7469,2557.78,RN50151396
chr2,41458,89185192,MSH2,-0.0404907,2,84.3595,7469,2557.78,RN50151396
chr2,41458,89185192,MSH6,-0.0404907,2,84.3595,7469,2557.78,RN50151396
chr2,41458,89185192,ADAM17,-0.0404907,2,84.3595,7469,2557.78,RN50151396
chr2,41458,89185192,EPCAM,-0.0404907,2,84.3595,7469,2557.78,RN50151396
chr2,41458,89185192,E2F6,-0.0404907,2,84.3595,7469,2557.78,RN50151396
chr2,95537297,189838649,ACVR2A,-0.0182914,2,84.5876,7556,2563.64,RN50151396
chr2,95537297,189838649,ACVR1,-0.0182914,2,84.5876,7556,2563.64,RN50151396
chr2,95537297,189838649,ITGAV,-0.0182914,2,84.5876,7556,2563.64,RN50151396
chr2,95537297,189838649,INHBB,-0.0182914,2,84.5876,7556,2563.64,RN50151396
chr2,95537297,189838649,TGFBRAP1,-0.0182914,2,84.5876,7556,2563.64,RN50151396
chr2,95537297,189838649,CIR1,-0.0182914,2,84.5876,7556,2563.64,RN50151396
chr2,95537297,189838649,ACVR1C,-0.0182914,2,84.5876,7556,2563.64,RN50151396
chr2,95537297,189838649,MAP3K2,-0.0182914,2,84.5876,7556,2563.64,RN50151396
chr2,189929593,243188873,STAT1,-0.0954832,2,90.2677,5901,1942.53,RN50151396
chr2,189929593,243188873,CXCR2,-0.0954832,2,90.2677,5901,1942.53,RN50151396
chr2,189929593,243188873,CASP8,-0.0954832,2,90.2677,5901,1942.53,RN50151396
chr2,189929593,243188873,IDH1,-0.0954832,2,90.2677,5901,1942.53,RN50151396
chr2,189929593,243188873,BMPR2,-0.0954832,2,90.2677,5901,1942.53,RN50151396
chr2,189929593,243188873,CXCR1,-0.0954832,2,90.2677,5901,1942.53,RN50151396
chr2,189929593,243188873,CTLA4,-0.0954832,2,90.2677,5901,1942.53,RN50151396
chr2,189929593,243188873,INHA,-0.0954832,2,90.2677,5901,1942.53,RN50151396
chr2,189929593,243188873,BARD1,-0.0954832,2,90.2677,5901,1942.53,RN50151396
chr2,189929593,243188873,PDCD1,-0.0954832,2,90.2677,5901,1942.53,RN50151396
chr2,189929593,243188873,ERBB4,-0.0954832,2,90.2677,5901,1942.53,RN50151396
chr2,189929593,243188873,CASP10,-0.0954832,2,90.2677,5901,1942.53,RN50151396
chr3,60500,43345268,ACVR2B,0.0183614,2,87.1876,3548,1223.93,RN50151396
chr3,60500,43345268,MLH1,0.0183614,2,87.1876,3548,1223.93,RN50151396
chr3,60500,43345268,RAF1,0.0183614,2,87.1876,3548,1223.93,RN50151396
chr3,60500,43345268,FANCD2,0.0183614,2,87.1876,3548,1223.93,RN50151396
chr3,60500,43345268,DLEC1,0.0183614,2,87.1876,3548,1223.93,RN50151396
chr3,60500,43345268,TGFBR2,0.0183614,2,87.1876,3548,1223.93,RN50151396
chr3,43345768,90311186,CDC25A,-1.04036,1,82.6823,4570,1564.94,RN50151396
chr3,43345768,90311186,BAP1,-1.04036,1,82.6823,4570,1564.94,RN50151396
chr3,43345768,90311186,RASSF1,-1.04036,1,82.6823,4570,1564.94,RN50151396
chr3,110912040,112548240,BTLA,3.07625,17,303.019,206,68.4191,RN50151396
chr3,112556681,115172566,TIGIT,-0.974246,1,79.8457,306,100.892,RN50151396
chr3,118269556,121036768,GSK3B,-0.0646524,2,87.1021,291,97.0714,RN50151396
chr3,121037268,149639078,ATR,-1.05083,1,73.6983,3081,1024.38,RN50151396
chr3,121037268,149639078,DTX3L,-1.05083,1,73.6983,3081,1024.38,RN50151396
chr3,165054514,197765578,EIF5A2,-0.0249907,2,85.7531,2709,915.5,RN50151396
chr3,165054514,197765578,PIK3CA,-0.0249907,2,85.7531,2709,915.5,RN50151396
chr3,165054514,197765578,TERC,-0.0249907,2,85.7531,2709,915.5,RN50151396
chr3,165054514,197765578,HES1,-0.0249907,2,85.7531,2709,915.5,RN50151396
chr4,654225,49063323,FGFR3,-0.0403973,2,82.6572,3399,1185.95,RN50151396
chr4,654225,49063323,RBPJ,-0.0403973,2,82.6572,3399,1185.95,RN50151396
chr4,654225,49063323,CTBP1,-0.0403973,2,82.6572,3399,1185.95,RN50151396
chr4,52660617,190981567,KIT,-0.0357599,2,73.7702,8163,2889.73,RN50151396
chr4,52660617,190981567,CXCL8,-0.0357599,2,73.7702,8163,2889.73,RN50151396
chr4,52660617,190981567,FBXW7,-0.0357599,2,73.7702,8163,2889.73,RN50151396
chr4,52660617,190981567,BMP3,-0.0357599,2,73.7702,8163,2889.73,RN50151396
chr4,52660617,190981567,PDGFRA,-0.0357599,2,73.7702,8163,2889.73,RN50151396
chr4,52660617,190981567,CASP3,-0.0357599,2,73.7702,8163,2889.73,RN50151396
chr4,52660617,190981567,EIF4E,-0.0357599,2,73.7702,8163,2889.73,RN50151396
chr4,52660617,190981567,BMPR1B,-0.0357599,2,73.7702,8163,2889.73,RN50151396
chr4,52660617,190981567,NFKB1,-0.0357599,2,73.7702,8163,2889.73,RN50151396
chr4,52660617,190981567,SMAD1,-0.0357599,2,73.7702,8163,2889.73,RN50151396
chr4,52660617,190981567,CASP6,-0.0357599,2,73.7702,8163,2889.73,RN50151396
chr4,52660617,190981567,KDR,-0.0357599,2,73.7702,8163,2889.73,RN50151396
chr4,52660617,190981567,MAML3,-0.0357599,2,73.7702,8163,2889.73,RN50151396
chr5,864520,45907753,TERT,-0.0202956,2,73.9843,2461,888.793,RN50151396
chr5,864520,45907753,DAB2,-0.0202956,2,73.9843,2461,888.793,RN50151396
chr5,864520,45907753,RICTOR,-0.0202956,2,73.9843,2461,888.793,RN50151396
chr5,49555074,121518377,CCNB1,-0.0917416,2,70.2528,4257,1498.8,RN50151396
chr5,49555074,121518377,PIK3R1,-0.0917416,2,70.2528,4257,1498.8,RN50151396
chr5,49555074,121518377,MAP3K1,-0.0917416,2,70.2528,4257,1498.8,RN50151396
chr5,121518877,140166727,SMAD5,0.063902,2,93.542,1881,628.664,RN50151396
