left_gene_name,left_gene_ensmbl_id,left_gene_chr,left_gene_pos,right_gene_name,right_gene_ensmbl_id,right_gene_chr,right_gene_pos,pt_sbst_no
CDK12,ENSG00000167258.9,chr17,37617921,MED1,ENSG00000125686.7,chr17,37595446,RN79754164
ERBB2,ENSG00000141736.9,chr17,37863394,FBXL20,ENSG00000108306.7,chr17,37499494,RN79754164
ERBB2,ENSG00000141736.9,chr17,37863457,FBXL20,ENSG00000108306.7,chr17,37499494,RN79754164
CTA-384D8.31,ENSG00000226738.1,chr22,50984915,MAPK12,ENSG00000188130.9,chr22,50684521,RN79754164
SSH2,ENSG00000141298.13,chr17,28256956,BCHE,ENSG00000114200.5,chr3,165504099,RN79754164
IGKV4-1,ENSG00000211598.2,chr2,89185668,AC096579.7,ENSG00000231486.3,chr2,89160770,RN79754164
IGKV4-1,ENSG00000211598.2,chr2,89185668,AC096579.7,ENSG00000231486.3,chr2,89160435,RN79754164
IGKV4-1,ENSG00000211598.2,chr2,89185668,AC096579.7,ENSG00000231486.3,chr2,89161074,RN79754164
IGKV4-1,ENSG00000211598.2,chr2,89185668,AC096579.7,ENSG00000231486.3,chr2,89161435,RN79754164
IGKV4-1,ENSG00000211598.2,chr2,89185668,AC096579.7,ENSG00000231486.3,chr2,89160117,RN79754164
IGKV4-1,ENSG00000211598.2,chr2,89185668,IGKJ3,ENSG00000211595.2,chr2,89160770,RN79754164
IGKV4-1,ENSG00000211598.2,chr2,89185668,AC096579.13,ENSG00000240040.1,chr2,89161074,RN79754164
CPD,ENSG00000108582.7,chr17,28758899,BBX,ENSG00000114439.14,chr3,107474445,RN79754164
IGKV4-1,ENSG00000211598.2,chr2,89185136,IGKC,ENSG00000211592.2,chr2,89157196,RN79754164
MED1,ENSG00000125686.7,chr17,37599803,GSDMA,ENSG00000167914.6,chr17,38132177,RN79754164
CCDC47,ENSG00000108588.9,chr17,61850772,CALCOCO2,ENSG00000136436.10,chr17,46919060,RN79754164
MTG1,ENSG00000148824.14,chr10,135216277,WAPAL,ENSG00000062650.13,chr10,88233730,RN79754164
RP11-108K14.8,ENSG00000254536.1,chr10,135216277,WAPAL,ENSG00000062650.13,chr10,88233730,RN79754164
MYO18A,ENSG00000196535.10,chr17,27413456,BBX,ENSG00000114439.14,chr3,107245174,RN79754164
TIAF1,ENSG00000221995.4,chr17,27413456,BBX,ENSG00000114439.14,chr3,107245174,RN79754164
RP11-644C3.1,ENSG00000232461.1,chr3,176361844,RP11-115H18.1,ENSG00000273125.1,chr3,107181420,RN79754164
CDK12,ENSG00000167258.9,chr17,37617921,MED1,ENSG00000125686.7,chr17,37595446,RN79754164
RP11-644C3.1,ENSG00000232461.1,chr3,176361844,PIP4K2B,ENSG00000141720.7,chr17,36927525,RN79754164
ARID1B,ENSG00000049618.17,chr6,157495251,ADGB,ENSG00000118492.12,chr6,146965909,RN79754164
MT-ND6,ENSG00000198695.2,chrM,14616,MT-TE,ENSG00000210194.1,chrM,14711,RN79754164
ERBB2,ENSG00000141736.9,chr17,37863394,FBXL20,ENSG00000108306.7,chr17,37499494,RN79754164
TRPS1,ENSG00000104447.7,chr8,116599228,COL22A1,ENSG00000169436.12,chr8,139845393,RN79754164
ACTL6A,ENSG00000136518.12,chr3,179294701,LRRC37B,ENSG00000185158.8,chr17,30354788,RN79754164
AC004797.1,ENSG00000229944.2,chr17,47502106,SARM1,ENSG00000004139.9,chr17,26712066,RN79754164
DHTKD1,ENSG00000181192.7,chr10,12143180,CCER1,ENSG00000197651.3,chr12,91346696,RN79754164
TIMM23B,ENSG00000204152.6,chr10,51387763,LINC00843,ENSG00000178440.5,chr10,51732772,RN79754164
TIMM23B,ENSG00000204152.6,chr10,51387763,PARGP1,ENSG00000214982.6,chr10,51732772,RN79754164
U3,ENSG00000265369.2,chr18,24283356,KCTD1,ENSG00000134504.8,chr18,24081214,RN79754164
RP11-644C3.1,ENSG00000232461.1,chr3,176361842,RP11-115H18.1,ENSG00000273125.1,chr3,107179522,RN79754164
RP11-644C3.1,ENSG00000232461.1,chr3,176571497,RP11-115H18.1,ENSG00000273125.1,chr3,107181420,RN79754164
IGLVI-70,ENSG00000253239.1,chr22,22380950,IGLJ3,ENSG00000211678.2,chr22,23247170,RN79754164
RP11-96H19.1,ENSG00000257261.1,chr12,46781755,RP11-446N19.1,ENSG00000272369.1,chr12,47046173,RN79754164
TTC6,ENSG00000139865.12,chr14,38437793,MIPOL1,ENSG00000151338.14,chr14,37892060,RN79754164
MAST2,ENSG00000086015.16,chr1,46425149,PSMB2,ENSG00000126067.7,chr1,36070883,RN79754164
MSI2,ENSG00000153944.6,chr17,55478832,CEP112,ENSG00000154240.12,chr17,63957716,RN79754164
MT-ND6,ENSG00000198695.2,chrM,14622,MT-TE,ENSG00000210194.1,chrM,14717,RN79754164
PVT1,ENSG00000249859.3,chr8,128806980,NDUFB9,ENSG00000147684.3,chr8,125555328,RN79754164
RP11-71G7.1,ENSG00000223715.1,chr3,176353229,RP11-115H18.1,ENSG00000273125.1,chr3,107179520,RN79754164
RP11-71G7.1,ENSG00000223715.1,chr3,176352133,RP11-115H18.1,ENSG00000273125.1,chr3,107181420,RN79754164
C1orf63,ENSG00000117616.13,chr1,25571641,RP4-799D16.1,ENSG00000233755.1,chr1,25370327,RN79754164
LUC7L3,ENSG00000108848.11,chr17,48797192,CACNA1G,ENSG00000006283.13,chr17,48655549,RN79754164
RP4-565E6.1,ENSG00000227733.4,chr1,146126404,HYDIN,ENSG00000157423.13,chr16,71196633,RN79754164
RP11-71G7.1,ENSG00000223715.1,chr3,176353229,PIP4K2B,ENSG00000141720.7,chr17,36927525,RN79754164
RP11-71G7.1,ENSG00000223715.1,chr3,176352133,PIP4K2B,ENSG00000141720.7,chr17,36927525,RN79754164
TIMM23,ENSG00000138297.9,chr10,51606988,RP11-464F9.1,ENSG00000242288.6,chr10,75473090,RN79754164
TIMM23,ENSG00000138297.9,chr10,51606988,RP11-574K11.28,ENSG00000271816.1,chr10,75473090,RN79754164
TIMM23,ENSG00000138297.9,chr10,51606988,RP11-574K11.29,ENSG00000272140.2,chr10,75473090,RN79754164
UBE2S,ENSG00000108106.9,chr19,55918955,DHTKD1,ENSG00000181192.7,chr10,12129534,RN79754164
SPINT2,ENSG00000167642.8,chr19,38779831,CTD-2639E6.9,ENSG00000267898.1,chr19,49467498,RN79754164
CTB-102L5.4,ENSG00000267748.2,chr19,38779831,CTD-2639E6.9,ENSG00000267898.1,chr19,49467498,RN79754164
RP11-680G10.1,ENSG00000261567.1,chr16,85391249,GSE1,ENSG00000131149.13,chr16,85682158,RN79754164
IGLVI-70,ENSG00000253239.1,chr22,22380948,IGLJ7,ENSG00000211684.2,chr22,23263570,RN79754164
GINM1,ENSG00000055211.8,chr6,149887670,RAET1E-AS1,ENSG00000223701.3,chr6,150240323,RN79754164
GINM1,ENSG00000055211.8,chr6,149887670,RP11-244K5.8,ENSG00000268592.2,chr6,150240323,RN79754164
LPP,ENSG00000145012.8,chr3,187943315,RP11-430L16.1,ENSG00000234238.1,chr3,187864354,RN79754164
MAST2,ENSG00000086015.16,chr1,46348067,RP4-598G3.1,ENSG00000233973.1,chr1,73820756,RN79754164
MSI2,ENSG00000153944.6,chr17,55478832,CEP112,ENSG00000154240.12,chr17,63923807,RN79754164
MT-ND6,ENSG00000198695.2,chrM,14613,MT-TE,ENSG00000210194.1,chrM,14736,RN79754164
MT-TA,ENSG00000210127.1,chrM,5607,MT-TN,ENSG00000210135.1,chrM,5706,RN79754164
TCP11L1,ENSG00000176148.11,chr11,33094199,HSD17B12,ENSG00000149084.7,chr11,43772461,RN79754164
RGS17,ENSG00000091844.3,chr6,153452259,CCDC170,ENSG00000120262.8,chr6,151894309,RN79754164
ADGB,ENSG00000118492.12,chr6,147038735,UST,ENSG00000111962.7,chr6,149208122,RN79754164
CAPZB,ENSG00000077549.13,chr1,19683129,ASAP3,ENSG00000088280.14,chr1,23782687,RN79754164
EFCAB5,ENSG00000176927.10,chr17,28296385,IFT57,ENSG00000114446.4,chr3,107886711,RN79754164
ERBB2,ENSG00000141736.9,chr17,37863457,FBXL20,ENSG00000108306.7,chr17,37499494,RN79754164
TRPS1,ENSG00000104447.7,chr8,116599228,COL22A1,ENSG00000169436.12,chr8,139839024,RN79754164
AP000525.9,ENSG00000206195.6,chr22,16186811,LA16c-60G3.5,ENSG00000230643.1,chr22,16389602,RN79754164
CTA-384D8.31,ENSG00000226738.1,chr22,50984915,HDAC10,ENSG00000100429.13,chr22,50684521,RN79754164
CTA-384D8.31,ENSG00000226738.1,chr22,50984915,MAPK12,ENSG00000188130.9,chr22,50684521,RN79754164
PGAP3,ENSG00000161395.8,chr17,37840850,HHLA2,ENSG00000114455.9,chr3,108029502,RN79754164
RILP,ENSG00000167705.7,chr17,1551129,MIR22HG,ENSG00000186594.8,chr17,1615693,RN79754164
RP11-114M1.1,ENSG00000228561.2,chr3,177405376,RP11-91K9.1,ENSG00000231574.1,chr3,177613401,RN79754164
SLC44A5,ENSG00000137968.12,chr1,75805267,LRRC7,ENSG00000033122.14,chr1,70257726,RN79754164
STARD3,ENSG00000131748.11,chr17,37793484,GOSR1,ENSG00000108587.10,chr17,28811232,RN79754164
FSIP1,ENSG00000150667.6,chr15,39893046,RP11-624L4.1,ENSG00000259345.1,chr15,39266436,RN79754164
FSIP1,ENSG00000150667.6,chr15,39893046,RP11-624L4.1,ENSG00000259345.1,chr15,39363809,RN79754164
SPINT2,ENSG00000167642.8,chr19,38779831,CTD-2639E6.9,ENSG00000267898.1,chr19,49468019,RN79754164
CTB-102L5.4,ENSG00000267748.2,chr19,38779831,CTD-2639E6.9,ENSG00000267898.1,chr19,49468019,RN79754164
RP11-680G10.1,ENSG00000261567.1,chr16,85391249,GSE1,ENSG00000131149.13,chr16,85667520,RN79754164
YARS,ENSG00000134684.6,chr1,33251963,EPB41,ENSG00000159023.14,chr1,29424319,RN79754164
YARS,ENSG00000134684.6,chr1,33251963,EPB41,ENSG00000159023.14,chr1,29435848,RN79754164
DNAJC25,ENSG00000059769.15,chr9,114429226,UGCG,ENSG00000148154.5,chr9,114676885,RN79754164
DNAJC25-GNG10,ENSG00000244115.1,chr9,114429226,UGCG,ENSG00000148154.5,chr9,114676885,RN79754164
GNG10,ENSG00000242616.3,chr9,114429226,UGCG,ENSG00000148154.5,chr9,114676885,RN79754164
SEC62,ENSG00000008952.12,chr3,169694839,CD47,ENSG00000196776.10,chr3,107799191,RN79754164
TTC6,ENSG00000139865.12,chr14,38266152,MIPOL1,ENSG00000151338.14,chr14,37892060,RN79754164
